<?xml version="1.0" encoding="UTF-8"?>
<project-private xmlns="http://www.netbeans.org/ns/project-private/1">
    <editor-bookmarks xmlns="http://www.netbeans.org/ns/editor-bookmarks/2" lastBookmarkId="0"/>
    <open-files xmlns="http://www.netbeans.org/ns/projectui-open-files/2">
        <group>
            <file>file:/home/s5/NetBeansProjects/miniprojectStudentmanagement/src/miniprojectstudentmanagement/addstudent.java</file>
            <file>file:/home/s5/NetBeansProjects/miniprojectStudentmanagement/src/miniprojectstudentmanagement/DBconnector.java</file>
            <file>file:/home/s5/NetBeansProjects/miniprojectStudentmanagement/src/miniprojectstudentmanagement/delete.java</file>
            <file>file:/home/s5/NetBeansProjects/miniprojectStudentmanagement/src/miniprojectstudentmanagement/adminlogin.java</file>
            <file>file:/home/s5/NetBeansProjects/miniprojectStudentmanagement/src/miniprojectstudentmanagement/adminhome.java</file>
            <file>file:/home/s5/NetBeansProjects/miniprojectStudentmanagement/src/miniprojectstudentmanagement/firsthomepage.java</file>
            <file>file:/home/s5/NetBeansProjects/miniprojectStudentmanagement/src/miniprojectstudentmanagement/studentslogin.java</file>
            <file>file:/home/s5/NetBeansProjects/miniprojectStudentmanagement/src/miniprojectstudentmanagement/updatedelete.java</file>
            <file>file:/home/s5/NetBeansProjects/miniprojectStudentmanagement/src/miniprojectstudentmanagement/MiniprojectStudentmanagement.java</file>
        </group>
    </open-files>
</project-private>
